[{
  "_id": {
    "$oid": "634f4f25fe798f7dac6566a4"
  },
  "author": "Miguel",
  "text": "Saludos",
  "myTime": "2022-10-18T14:45:08.902Z"
},{
  "_id": {
    "$oid": "634f4f25fe798f7dac6566a5"
  },
  "author": "Gabriel",
  "text": "Hola",
  "myTime": "2022-10-18T14:45:08.902Z"
},{
  "_id": {
    "$oid": "634f4f25fe798f7dac6566a6"
  },
  "author": "Uriel",
  "text": "¿hola qué tal?",
  "myTime": "2022-10-18T14:45:08.902Z"
},{
  "_id": {
    "$oid": "634f4f25fe798f7dac6566a7"
  },
  "author": "Chamuel",
  "text": "Saludos ¿qué tal?",
  "myTime": "2022-10-18T14:45:08.902Z"
},{
  "_id": {
    "$oid": "634f4f25fe798f7dac6566a8"
  },
  "author": "Rafael",
  "text": "Consulta por stock",
  "myTime": "2022-10-18T14:45:08.902Z"
},{
  "_id": {
    "$oid": "634f4f25fe798f7dac6566a9"
  },
  "author": "Jofiel",
  "text": "Consulta por fechas de entrega",
  "myTime": "2022-10-18T14:45:08.902Z"
},{
  "_id": {
    "$oid": "634f4f25fe798f7dac6566aa"
  },
  "author": "Zadkiel",
  "text": "Bienvenidos",
  "myTime": "2022-10-18T14:45:08.902Z"
},{
  "_id": {
    "$oid": "634f4f25fe798f7dac6566ab"
  },
  "author": "Ezequiel",
  "text": "Saludso, consulta.",
  "myTime": "2022-10-18T14:45:08.902Z"
},{
  "_id": {
    "$oid": "634f4f25fe798f7dac6566ac"
  },
  "author": "Caín",
  "text": "...",
  "myTime": "2022-10-18T14:45:08.902Z"
},{
  "_id": {
    "$oid": "634f4f25fe798f7dac6566ad"
  },
  "author": "Abel",
  "text": "!!!",
  "myTime": "2022-10-18T14:45:08.902Z"
}]