[{
  "_id": {
    "$oid": "634f4f09fe798f7dac65669d"
  },
  "descripcion": "Probeta",
  "codigo": 44444,
  "foto": "https://cdn3.iconfinder.com/data/icons/education-209/64/tube-lab-science-school-512.png",
  "precio": 1280,
  "timeStamp": {
    "$numberLong": "1666103262939"
  },
  "stock": 100
},{
  "_id": {
    "$oid": "634f4f09fe798f7dac65669e"
  },
  "descripcion": "Clip",
  "codigo": 55555,
  "foto": "https://cdn3.iconfinder.com/data/icons/education-209/64/paper-clip-academic-note-exam-512.png",
  "precio": 1700,
  "timeStamp": {
    "$numberLong": "1666103272820"
  },
  "stock": 100
},{
  "_id": {
    "$oid": "634f4f09fe798f7dac65669f"
  },
  "descripcion": "Calculadora",
  "codigo": 66666,
  "foto": "https://cdn3.iconfinder.com/data/icons/education-209/64/calculator-math-tool-school-512.png",
  "precio": 2300,
  "timeStamp": {
    "$numberLong": "1666103293423"
  },
  "stock": 100
},{
  "_id": {
    "$oid": "634f4f09fe798f7dac6566a0"
  },
  "descripcion": "Gorro graduación",
  "codigo": 77777,
  "foto": "https://cdn3.iconfinder.com/data/icons/education-209/64/graduation-square-academic-cap-school-512.png",
  "precio": 2860,
  "timeStamp": {
    "$numberLong": "1666103333889"
  },
  "stock": 100
},{
  "_id": {
    "$oid": "634f4f09fe798f7dac6566a1"
  },
  "descripcion": "Reloj despertador",
  "codigo": 88888,
  "foto": "https://cdn3.iconfinder.com/data/icons/education-209/64/clock-stopwatch-timer-time-512.png",
  "precio": 3350,
  "timeStamp": {
    "$numberLong": "1666103360612"
  },
  "stock": 100
},{
  "_id": {
    "$oid": "634f4f09fe798f7dac6566a2"
  },
  "descripcion": "Juego de Geometría",
  "codigo": 99999,
  "foto": "https://cdn3.iconfinder.com/data/icons/education-209/64/ruler-triangle-stationary-school-512.png",
  "precio": 4320,
  "timeStamp": {
    "$numberLong": "1666103378648"
  },
  "stock": 0
},{
  "_id": {
    "$oid": "634f4f09fe798f7dac6566a3"
  },
  "descripcion": "Globo terráqueo",
  "codigo": 78787,
  "foto": "https://cdn3.iconfinder.com/data/icons/education-209/64/globe-earth-geograhy-planet-school-512.png",
  "precio": 4990,
  "timeStamp": {
    "$numberLong": "1666103412357"
  },
  "stock": 0
},{
  "_id": {
    "$oid": "634f4f6bfe798f7dac6566ae"
  },
  "descripcion": "Agenda",
  "codigo": 87878,
  "foto": "https://cdn2.iconfinder.com/data/icons/mixed-rounded-flat-icon/512/note-512.png",
  "precio": 5025,
  "stock": 0,
  "timeStamp": {
    "$numberLong": "1666115776223"
  }
}]